<?xml version="1.0" encoding="utf-8" standalone="yes"?>
<rss version="2.0" xmlns:atom="http://www.w3.org/2005/Atom">
  <channel>
    <title>Nurfaiz Foat - Portfolio</title>
    <link>http://localhost:1313/</link>
    <description>Recent content on Nurfaiz Foat - Portfolio</description>
    <generator>Hugo</generator>
    <language>en-us</language>
    <atom:link href="http://localhost:1313/index.xml" rel="self" type="application/rss+xml" />
    <item>
      <title>About Me</title>
      <link>http://localhost:1313/about/</link>
      <pubDate>Mon, 01 Jan 0001 00:00:00 +0000</pubDate>
      <guid>http://localhost:1313/about/</guid>
      <description></description>
    </item>
    <item>
      <title>Supahands Case Study</title>
      <link>http://localhost:1313/supahands_case_study/</link>
      <pubDate>Mon, 01 Jan 0001 00:00:00 +0000</pubDate>
      <guid>http://localhost:1313/supahands_case_study/</guid>
      <description></description>
    </item>
  </channel>
</rss>
